<?xml version="1.0" encoding="UTF-8"?>
<metadata version="1.0">
    <vendor name="GNU" url="http://www.gnu.org/software/freefont/index.html" />
   <license url="http://www.gnu.org/software/freefont/license.html">
       <text lang="en">
Free UCS scalable fonts is free software; you can redistribute it and/or modify it under the terms of the GNU General Public License as published by the Free Software Foundation; either version 3 of the License, or (at your option) any later version.

The fonts are distributed in the hope that they will be useful, but WITHOUT ANY WARRANTY; without even the implied warranty of MERCHANTABILITY or FITNESS FOR A PARTICULAR PURPOSE. See the GNU General Public License for more details.

You should have received a copy of the GNU General Public License along with this program; if not, write to the Free Software Foundation, Inc., 51 Franklin Street, Fifth Floor, Boston, MA 02110-1301, USA.

As a special exception, if you create a document which uses this font, and embed this font or unaltered portions of this font into the document, this font does not by itself cause the resulting document to be covered by the GNU General Public License. This exception does not however invalidate any other reasons why the document might be covered by the GNU General Public License. If you modify this font, you may extend this exception to your version of the font, but you are not obligated to do so. If you do not wish to do so, delete this exception statement from your version. 
	    </text>
   </license>
   <description url="http://www.gnu.org/software/freefont/design-notes.html"/>
   <credits>
       <credit name="Steve White" role="maintainer"/>
   </credits>
</metadata>