<?xml version="1.0" encoding="UTF-8"?>
<metadata version="1.0">
    <vendor name="SIL International" url="http://scripts.sil.org/cms/scripts/page.php?site_id=nrsi&amp;id=ArabicFonts" />
    <copyright>
       <text lang="en">Copyright (c) 2004-2007, SIL International ( http://www.sil.org/).</text>
   </copyright>
   <license url="http://scripts.sil.org/OFL" id="SIL-OFL-v1.1">
       <text lang="en">
	      This Font Software is licensed under the SIL Open Font License, Version 1.1, 
	      with Reserved Font Names "Scheherazade" and "SIL".
	      This license is copied below, and is also available with a FAQ at: 
	      http://scripts.sil.org/OFL
	    </text>
   </license>
   <credits>
       <credit name="Bob Hallissy" role="design"/>
       <credit name="Jonathan Kew" role="design"/>
   </credits>
</metadata>